their_name,date,category,metadata,notes,tables
PACAT2018_Zona_Amortiguamiento_Carso,2019,Conservation,Yes,,layer_zona_amortiguamiento_carso
PACAT2018_terrestres_marinas_amortiguamento,2019,Conservation,Yes,,layer_pacat_2018_areas_protegidas_terrestres;layer_pacat_2018_areas_protegidas_marinas;layer_pacat_2018_zonas_amortiguamientos
g23_riesgo_inundacion_FloodZone_0_2PCT_Seamless_2018,2018,Hazards,Yes,,layer_g23_riesgo_inundacion_floodzone_0_2pct_seamless_2018
g15_geologia_geology_20k24jul2108,2018,Geology,yes,,layer_g15_geologia_geology_20k24jul2108
turismo_balnearios,2016,Recreation,yes,,layer_turismo_balnearios
soil_mu_pr,2015,Soil Use,yes,,layer_soil_mu_pr
proteccion_tanques_almac_soterrados_2011,2011,Infrastructure,yes,,layer_proteccion_tanques_almac_soterrados_2011
corredor_agricola_del_sur,2010,Agriculture,Yes,,layer_corredor_agricola_de_project_exportfeatures
residenciales_2009,2009,Infrastructure,yes,,layer_residenciales_2009
g23_riesgo_inunda_s_bfe_2009,2009,Hazards,yes,,layer_g23_riesgo_inunda_s_bfe_2009
FwsApproved_PRVI,2008,Agriculture,Yes,Needs verification,layer_fwsapproved_prvi
g09_contornos_usgs_topographic_contours_depresiones,2007,Topography,yes,,layer_g09_contornos_usgs_topographic_contours_depresiones
mapa_base_crim_ogp_hidrografia_tipo_areas_2006,2006,Hydrography,yes,,layer_mapa_base_crim_ogp_hidrografia_tipo_areas_2006
g01_conserv_critical_wildlife_areas,2005,Conservation,Yes,,layer_g01_conserv_critical_wildlife_areas
batimetria_lagos_2002,2002,Hydrography,yes,Needs verification,layer_g23_batimetria_lagos_2002
PR_Geology_100K,2000,Geology,yes,,layer_pr_geology_100k
