doc_id,title,year,municipio,tipo,url
DOC-033,Plan de Recuperación Municipal de Adjuntas,2022,Adjuntas,Plan de Recuperación,https://cdn.recuperacion.pr.gov/w3cacheitdg/wp-content/uploads/2023/04/Adjuntas-Final-Plan-document-Signed.pdf
HMP-001,Plan de Mitigación de Riesgos de Adjuntas,2020,Adjuntas,Plan de Mitigación,https://docs.pr.gov/files/JP-Junta%20de%20Planificacion/Planes%20de%20Mitigaci%C3%B3n%20Aprobados/Actualizados%20por%20los%20municipios/Adju-Approved-HMP.pdf
DOC-034,Plan de Recuperación Municipal de Aguada,2022,Aguada,Plan de Recuperación,https://cdn.recuperacion.pr.gov/w3cacheitdg/wp-content/uploads/2023/04/Aguada-PL-Final-Plan-document-Signed.pdf
HMP-002,Plan de Mitigación de Riesgos de Aguada,2020,Aguada,Plan de Mitigación,https://docs.pr.gov/files/JP-Junta%20de%20Planificacion/Planes%20de%20Mitigaci%C3%B3n%20Aprobados/Actualizados%20por%20los%20municipios/Agda-Approved-HMP_2022.pdf
HMP-003,Plan de Mitigación de Riesgos de Aguadilla,2024,Aguadilla,Plan de Mitigación,https://docs.pr.gov/files/JP-Junta%20de%20Planificacion/Planes%20de%20Mitigaci%C3%B3n%20Aprobados/Actualizados%20por%20los%20municipios/Agll-ApprovedHMP.pdf
HMP-004,Plan de Mitigación de Riesgos - Aguas Buenas,2020,Aguas Buenas,Plan de Mitigación,https://docs.pr.gov/files/JP-Junta%20de%20Planificacion/Planes%20de%20Mitigaci%C3%B3n%20Aprobados/Actualizados%20por%20los%20municipios/AGBU-Approved-HMP_2022.pdf
WCRP-038,Plan de Resiliencia Comunitaria Comunidad Juan Asencio,2025,Aguas Buenas,Plan,https://recuperacion.pr.gov/wcrp/assets/planes/2025-03-10_PLN_WCRP_CRP_Juan_Asencio_vfinal.pdf
DOC-015,Plan Sectorial para la Reserva Natural Cañon San Cristobal,2016,Aibonito,Plan Sectorial,https://jp.pr.gov/wp-content/uploads/2022/02/Plan-Sectorial-para-la-Reserva-Natural-Canon-San-Cristobal.pdf
DOC-037,Plan de Recuperación Municipal de Aibonito,2022,Aibonito,Plan de Recuperación,https://cdn.recuperacion.pr.gov/w3cacheitdg/wp-content/uploads/2023/03/Aibonito-PL-Final-Plan-document-Signed-PR-MRP-00049-Applicant-10-21-2022.pdf
HMP-005,Plan de Mitigación de Riesgos - Aibonito,2021,Aibonito,Plan de Mitigación,https://docs.pr.gov/files/JP-Junta%20de%20Planificacion/Planes%20de%20Mitigaci%C3%B3n%20Aprobados/Actualizados%20por%20los%20municipios/Aibo-HMP-Final-Approved.pdf
DOC-038,Plan de Recuperación Municipal de Añasco,2022,Añasco,Plan de Recuperación,https://cdn.recuperacion.pr.gov/w3cacheitdg/wp-content/uploads/2023/07/Anasco-Final-Plan-document-Signed.pdf
HMP-006,Plan de Mitigación de Riesgos - Añasco,2020,Añasco,Plan de Mitigación,https://docs.pr.gov/files/JP-Junta%20de%20Planificacion/Planes%20de%20Mitigaci%C3%B3n%20Aprobados/Actualizados%20por%20los%20municipios/Anas-Approved-HMP-200805.pdf
POT-062,"""MEMORIAL DEL PLAN DE USO MUNICIPAL DE AÑASCO (PUTM)""",2016,Añasco,Plan,https://gis.jp.pr.gov/Externo_Econ/Anasco/PLAN%20DE%20USOS%20DE%20TERRENOS%20DE%20A%C3%91ASCO-rev%20MRR.pdf
DOC-017,Plan Sectorial para la Reserva Natural de Río Cialitos,2016,Arecibo,Plan Sectorial,https://jp.pr.gov/wp-content/uploads/2022/01/Plan-Sectorial-Reserva-Natural-Rio-Cialitos.pdf
DOC-039,Plan de Recuperación Municipal de Arecibo,2022,Arecibo,Plan,https://arecibo.pr.gov/wp-content/uploads/2023/07/MRP-ARECIBO.pdf
HMP-007,Plan de Mitigación de Riesgos de Arecibo,2020,Arecibo,Plan de Mitigación,https://docs.pr.gov/files/JP-Junta%20de%20Planificacion/Planes%20de%20Mitigaci%C3%B3n%20Aprobados/Actualizados%20por%20los%20municipios/AREC-Approved-HMP-200622.pdf
DOC-022,Orden Ejectiva para aprobar la delimitación y la designación de la Reserva Natural Punta Guilarte,2016,Arroyo,Orden ejecutiva,https://docs.pr.gov/files/JP-Junta%20de%20Planificacion/Planes/Reserva%20Natural%20de%20Punta%20Guilarte%20en%20el%20Municipio%20de%20Arroyo/OE-2016-074.pdf
HMP-008,Plan de Mitigación de Riesgos - Arroyo,2020,Arroyo,Plan de Mitigación,https://docs.pr.gov/files/JP-Junta%20de%20Planificacion/Planes%20de%20Mitigaci%C3%B3n%20Aprobados/Actualizados%20por%20los%20municipios/Arro-Plan-ApprovedFEMA-201019.pdf
DOC-041,Plan de Recuperación Municipal de Barceloneta,2022,Barceloneta,Plan de Recuperación,https://cdn.recuperacion.pr.gov/w3cacheitdg/wp-content/uploads/2023/07/Barceloneta-Final-Plan-document-Signed.pdf
HMP-009,Plan de Mitigación de Riesgos - Barceloneta,2020,Barceloneta,Plan de Mitigación,https://docs.pr.gov/files/JP-Junta%20de%20Planificacion/Planes%20de%20Mitigaci%C3%B3n%20Aprobados/Actualizados%20por%20los%20municipios/Barc-Approved-HMP-210407-1.pdf
DOC-042,Plan de Recuperación Municipal de Barranquitas,2022,Barranquitas,Plan de Recuperación,https://recuperacion.pr.gov/wp-content/uploads/2023/03/MRP-Barranquitas-borrador-final.pdf
HMP-010,Plan de Mitigación de Riesgos - Barranquitas,2020,Barranquitas,Plan de Mitigación,https://docs.pr.gov/files/JP-Junta%20de%20Planificacion/Planes%20de%20Mitigaci%C3%B3n%20Aprobados/Actualizados%20por%20los%20municipios/BARR-Approved-HMP-200810_with-Certif-1.pdf
HMP-012,Plan de Mitigación de Riesgos - Cabo Rojo,2020,Cabo Rojo,Plan de Mitigación,https://docs.pr.gov/files/JP-Junta%20de%20Planificacion/Planes%20de%20Mitigaci%C3%B3n%20Aprobados/Actualizados%20por%20los%20municipios/CROJ-Approved-HMP-210223.pdf
DOC-045,Plan de Recuperación Municipal de Caguas,2022,Caguas,Plan de Recuperación,https://caguas.gov.pr/wp-content/uploads/2023/07/Plan-de-Recuperacion-del-Municipio-de-Caguas.pdf
HMP-013,Plan de Mitigación de Riesgos - Caguas,2020,Caguas,Plan de Mitigación,https://docs.pr.gov/files/JP-Junta%20de%20Planificacion/Planes%20de%20Mitigaci%C3%B3n%20Aprobados/Actualizados%20por%20los%20municipios/Cagu-Approved-HMP-210211-with-certification-1.pdf
DOC-013,Reserva Agrícola de la Costa Norte y Reserva Natural Río Camuy,2016,Camuy,Plan,https://jp.pr.gov/wp-content/uploads/2022/02/Reserva-Agricola-de-la-Costa-Norte-y-Reserva-Natural-Rio-Camuy.pdf
DOC-046,Plan de Recuperación Municipal de Camuy,2022,Camuy,Plan de Recuperación,https://recuperacion.pr.gov/wp-content/uploads/2023/04/Camuy-Plan-Final-Draft-2.15.2023-sugerencias-2.17.2023-revisado-2.24.2023.pdf
HMP-014,Plan de Mitigación de Riesgos - Camuy,2024,Camuy,Plan de Mitigación,https://docs.pr.gov/files/JP-Junta%20de%20Planificacion/Planes%20de%20Mitigaci%C3%B3n%20Aprobados/Actualizados%20por%20los%20municipios/Camu-FinalHMP-Approved-1.pdf
DOC-047,Plan de Recuperación Municipal de Canóvanas,2022,Canóvanas,Plan de Recuperación,https://cdn.recuperacion.pr.gov/w3cacheitdg/wp-content/uploads/2024/10/2023-12-30_PLN_MRP_Plan-Canovanas.pdf
HMP-015,Plan de Mitigación de Riesgos - Canóvanas,2021,Canóvanas,Plan de Mitigación,https://docs.pr.gov/files/JP-Junta%20de%20Planificacion/Planes%20de%20Mitigaci%C3%B3n%20Aprobados/Actualizados%20por%20los%20municipios/CANO-Plan-FinalHMP.pdf
DOC-048,Plan de Recuperación Municipal de Carolina,2022,Carolina,Plan de Recuperación,https://cdn.recuperacion.pr.gov/w3cacheitdg/wp-content/uploads/2024/10/2024-03-14_PLN_MRP_Plan-Carolina.pdf
HMP-016,Plan de Mitigación de Riesgos - Carolina,2020,Carolina,Plan de Mitigación,https://docs.pr.gov/files/JP-Junta%20de%20Planificacion/Planes%20de%20Mitigaci%C3%B3n%20Aprobados/Actualizados%20por%20los%20municipios/Caro-Plan-ApprovedHMP.pdf
DOC-049,Plan de Recuperación Municipal de Cataño,2022,Cataño,Plan de Recuperación,https://recuperacion.pr.gov/wp-content/uploads/2023/07/PL-Deliverable-4-Plan-Development-CATANO-6-27-2023.pdf
DOC-016,Memorial Plan Sectorial Reserva Natural Planadas-Yeyesa,2016,Cayey,Plan sectorial,https://jp.pr.gov/wp-content/uploads/2021/09/Plan-Sectorial-Reserva-Natural-Planadas-Yeyesa-Municipios-de-Cayey-y-Salinas-1.pdf
HMP-018,Plan de Mitigación de Riesgos - Cayey,2021,Cayey,Plan de Mitigación,https://docs.pr.gov/files/JP-Junta%20de%20Planificacion/Planes%20de%20Mitigaci%C3%B3n%20Aprobados/Actualizados%20por%20los%20municipios/Caye-HMP_Approved-240723.pdf
DOC-051,Plan de Recuperación Municipal de Ceiba,2022,Ceiba,Plan,https://cdn.recuperacion.pr.gov/w3cacheitdg/wp-content/uploads/2023/07/Ceiba-Final-Plan-document-Signed.pdf
HMP-019,Plan de Mitigación de Riesgos - Ceiba,2020,Ceiba,Plan de Mitigación,https://docs.pr.gov/files/JP-Junta%20de%20Planificacion/Planes%20de%20Mitigaci%C3%B3n%20Aprobados/Actualizados%20por%20los%20municipios/Ceib-Approved-HMP-210120-1.pdf
HMP-020,Plan de Mitigación de Riesgos - Ciales,2020,Ciales,Plan de Mitigación,https://docs.pr.gov/files/JP-Junta%20de%20Planificacion/Planes%20de%20Mitigaci%C3%B3n%20Aprobados/Actualizados%20por%20los%20municipios/Cial-Plan-ApprovedHMP.pdf
DOC-053,Plan de Recuperación Municipal de Cidra,2022,Cidra,Plan,https://estudiostecnicos.com/wp-content/uploads/2023/04/20018-32-MRP-Municipio-Cidra-Final-Draft_02.14.23.pdf
HMP-021,Plan de Mitigación de Riesgos - Cidra,2020,Cidra,Plan de Mitigación,https://docs.pr.gov/files/JP-Junta%20de%20Planificacion/Planes%20de%20Mitigaci%C3%B3n%20Aprobados/Actualizados%20por%20los%20municipios/Cidr-Approved-HMP-210319.pdf
HMP-022,Plan de Mitigación de Riesgos - Coamo,2021,Coamo,Plan de Mitigación,https://docs.pr.gov/files/JP-Junta%20de%20Planificacion/Planes%20de%20Mitigaci%C3%B3n%20Aprobados/Actualizados%20por%20los%20municipios/COAM-ApprovedHMP.pdf
WCRP-037,Plan de Resiliencia Comunitaria Centro Urbano de Coamo,2025,Coamo,Plan,https://recuperacion.pr.gov/wcrp/assets/planes/2025-12-11-PLN_WCRP_CRP_Final%20Plan_Coamo_v2.pdf
DOC-055,Plan de Recuperación Municipal de Comerío,2022,Comerío,Plan,https://cdn.recuperacion.pr.gov/w3cacheitdg/wp-content/uploads/2023/03/Comerio-PL-Final-Plan-document-Signed-PR-MRP-00051-Applicant-9-12-2022.pdf
HMP-023,Plan de Mitigación de Riesgos – Comerío,2020,Comerío,Plan de Mitigación,https://docs.pr.gov/files/JP-Junta%20de%20Planificacion/Planes%20de%20Mitigaci%C3%B3n%20Aprobados/Actualizados%20por%20los%20municipios/COME-Approved-HMP_-2022-1-1.pdf
HMP-024,Plan de Mitigación de Riesgos – Corozal,2024,Corozal,Plan de Mitigación,https://docs.pr.gov/files/JP-Junta%20de%20Planificacion/Planes%20de%20Mitigaci%C3%B3n%20Aprobados/Actualizados%20por%20los%20municipios/LHMP-CORO-Approved-240820.pdf
DOC-057,Plan de Recuperación Municipal de Culebra,2022,Culebra,Plan,https://cdn.recuperacion.pr.gov/w3cacheitdg/wp-content/uploads/2023/03/Culebra-PL-Deliverable-4-Plan-Development-PR-MRP-00044-Applicant-10-7-2022.pdf
HMP-025,Plan de Mitigación de Riesgos – Culebra,2021,Culebra,Plan de Mitigación,https://docs.pr.gov/files/JP-Junta%20de%20Planificacion/Planes%20de%20Mitigaci%C3%B3n%20Aprobados/Actualizados%20por%20los%20municipios/Cule-Approved-HMP-1.pdf
DOC-058,Plan de Recuperación Municipal de Dorado,2022,Dorado,Plan,https://cdn.recuperacion.pr.gov/w3cacheitdg/wp-content/uploads/2023/03/Dorado-PL-Final-Plan-document-Signed-PR-MRP-00012-Applicant-10-13-2022.pdf
HMP-026,Plan de Mitigación de Riesgos – Dorado,2020,Dorado,Plan de Mitigación,https://docs.pr.gov/files/JP-Junta%20de%20Planificacion/Planes%20de%20Mitigaci%C3%B3n%20Aprobados/Actualizados%20por%20los%20municipios/Dora-Approved-HMP.pdf
HMP-027,Plan de Mitigación de Riesgos – Fajardo,2020,Fajardo,Plan de Mitigación,https://docs.pr.gov/files/JP-Junta%20de%20Planificacion/Planes%20de%20Mitigaci%C3%B3n%20Aprobados/Actualizados%20por%20los%20municipios/FAJA-ApprovedHMP-210730.pdf
DOC-060,Plan de Recuperación Municipal de Florida,2022,Florida,Plan,https://cdn.recuperacion.pr.gov/w3cacheitdg/wp-content/uploads/2023/08/Florida-Final-Plan-document-Signed.pdf
HMP-028,Plan de Mitigación de Riesgos – Florida,2020,Florida,Plan de Mitigación,https://docs.pr.gov/files/JP-Junta%20de%20Planificacion/Planes%20de%20Mitigaci%C3%B3n%20Aprobados/Actualizados%20por%20los%20municipios/Flor-Plan-Approved-HMP.pdf
DOC-061,Plan de Recuperación Municipal de Guánica,2022,Guánica,Plan,https://cdn.recuperacion.pr.gov/w3cacheitdg/wp-content/uploads/2024/01/Guanica-Final-Plan-document-Signed.pdf
HMP-029,Plan de Mitigación de Riesgos – Guánica,2024,Guánica,Plan de Mitigación,https://docs.pr.gov/files/JP-Junta%20de%20Planificacion/Planes%20de%20Mitigaci%C3%B3n%20Aprobados/Actualizados%20por%20los%20municipios/HMP-GUAN-ExeSummary.pdf
WCRP-001,Plan de Resiliencia Comunitaria Comunidad Esperanza,2025,Guánica,Plan,https://recuperacion.pr.gov/wcrp/assets/planes/2025_06_24_PLN_WCRP_CRP_Esperanza_vfinal.pdf
WCRP-002,Plan de Resiliencia Comunitaria Comunidad Siberia,2025,Guánica,Plan,https://recuperacion.pr.gov/wcrp/assets/planes/2025_06_24_PLN_WCRP_CRP_Siberia_vfinal.pdf
HMP-030,Plan de Mitigación de Riesgos – Guayama,2020,Guayama,Plan de Mitigación,https://docs.pr.gov/files/JP-Junta%20de%20Planificacion/Planes%20de%20Mitigaci%C3%B3n%20Aprobados/Actualizados%20por%20los%20municipios/GAMA-Plan-Approved-HMP.pdf
DOC-063,Plan de Recuperación Municipal de Guayanilla,2022,Guayanilla,Plan,https://recuperacion.pr.gov/wp-content/uploads/2022/12/20018-22-MRP_Municipio-Guayanilla-11.28.2.pdf
HMP-031,Plan de Mitigación de Riesgos – Guayanilla,2020,Guayanilla,Plan de Mitigación,https://docs.pr.gov/files/JP-Junta%20de%20Planificacion/Planes%20de%20Mitigaci%C3%B3n%20Aprobados/Actualizados%20por%20los%20municipios/Guayanilla-Approved-HMP-210120.pdf
DOC-064,Plan de Recuperación Municipal de Guaynabo,2022,Guaynabo,Plan,https://cdn.recuperacion.pr.gov/w3cacheitdg/wp-content/uploads/2024/05/2024.05.07-PLN_MRP_Plan-Guaynabo.pdf
HMP-032,Plan de Mitigación de Riesgos – Guaynabo,2022,Guaynabo,Plan de Mitigación,https://docs.pr.gov/files/JP-Junta%20de%20Planificacion/Planes%20de%20Mitigaci%C3%B3n%20Aprobados/Actualizados%20por%20los%20municipios/Guay-Approved-HMP.pdf
DOC-065,Plan de Recuperación Municipal de Gurabo,2022,Gurabo,Plan,https://cdn.recuperacion.pr.gov/w3cacheitdg/wp-content/uploads/2023/09/20018-06-Gurabo_PLAN-FINAL_2022.09-12-rev-2023-08-28.pdf
HMP-033,Plan de Mitigación de Riesgos – Gurabo,2021,Gurabo,Plan de Mitigación,https://docs.pr.gov/files/JP-Junta%20de%20Planificacion/Planes%20de%20Mitigaci%C3%B3n%20Aprobados/Actualizados%20por%20los%20municipios/Gura-HMP-Approved.pdf
DOC-066,Plan de Recuperación Municipal de Hatillo,2022,Hatillo,Plan,https://cdn.recuperacion.pr.gov/w3cacheitdg/wp-content/uploads/2023/06/Hatillo-PL-Final-Plan-document-Signed.pdf
HMP-034,Plan de Mitigación de Riesgos – Hatillo,2020,Hatillo,Plan de Mitigación,https://docs.pr.gov/files/JP-Junta%20de%20Planificacion/Planes%20de%20Mitigaci%C3%B3n%20Aprobados/Actualizados%20por%20los%20municipios/Hati-Approved-HMP-201216.pdf
DOC-067,Plan de Recuperación Municipal de Hormigueros,2022,Hormigueros,Plan,https://cdn.recuperacion.pr.gov/w3cacheitdg/wp-content/uploads/2023/06/Hormigueros-Final-Plan-document-Signed.pdf
HMP-035,Plan de Mitigación de Riesgos – Hormigueros,2021,Hormigueros,Plan de Mitigación,https://docs.pr.gov/files/JP-Junta%20de%20Planificacion/Planes%20de%20Mitigaci%C3%B3n%20Aprobados/Actualizados%20por%20los%20municipios/Horm-Approved-HMP.pdf
POT-063,"""Borrador Revisión Integral del Plan Territorial Municipio Autónomo de Hormigueros""",2026,Hormigueros,Plan,https://docs.pr.gov/files/JP-Junta%20de%20Planificacion/Vistas%20Publicas/Hormigueros%20-%206%20de%20mayo%202026/Avance%20Hormigueros%20Marzo%202026.pdf
DOC-068,Plan de Recuperación Municipal de Humacao,2022,Humacao,Plan,https://estudiostecnicos.com/wp-content/uploads/2023/01/MRP_Humacao_FINAL-DRAFT-PLAN_12.7.2022_rev012323.pdf
HMP-036,Plan de Mitigación de Riesgos – Humacao,2020,Humacao,Plan de Mitigación,https://docs.pr.gov/files/JP-Junta%20de%20Planificacion/Planes%20de%20Mitigaci%C3%B3n%20Aprobados/Actualizados%20por%20los%20municipios/HUMA-Approved-HMP-210119.pdf
WCRP-003,Plan de Resiliencia Comunitaria Buena Vista,2025,Humacao,Plan,https://recuperacion.pr.gov/wcrp/assets/planes/2025-05-28_PLN_WCRP_Plan_Resiliencia_Comunitaria_Buena_Vista_v.final.pdf
WCRP-004,Plan de Resiliencia Comunitaria Mariana,2025,Humacao,Plan,https://recuperacion.pr.gov/wcrp/assets/planes/2025-05-14_PLN_WCRP_Plan_Resiliencia_Comunitaria_Mariana_v.final.pdf
WCRP-005,Plan de Resiliencia Comunitaria Playa Guayanés,2025,Humacao,Plan,https://recuperacion.pr.gov/wcrp/assets/planes/2025-06-26_PLN_WCRP_Plan_Resiliencia_Comunitaria_Playa_Guayanes_vfinal.pdf
WCRP-006,Plan de Resiliencia Comunitaria Punta Santiago,2025,Humacao,Plan,https://recuperacion.pr.gov/wcrp/assets/planes/2025-04-30_PLN_WCRP_Plan_Resiliencia_Comunitaria_Punta_Santiago_vfinal.pdf
WCRP-007,Plan de Resiliencia Comunitaria Verde Mar,2025,Humacao,Plan,https://recuperacion.pr.gov/wcrp/assets/planes/2025-04-30_PLN_WCRP_Plan_Resiliencia_Comunitaria_Verde_Mar_vfinal.pdf
DOC-069,Plan de Recuperación Municipal de Isabela,2022,Isabela,Plan,https://ibts2.ibts.org/wp-content/uploads/2023/01/Plan-Isabela-Revisiones-06.09.2023_JDV-1.pdf
HMP-037,Plan de Mitigación de Riesgos – Isabela,2020,Isabela,Plan de Mitigación,https://docs.pr.gov/files/JP-Junta%20de%20Planificacion/Planes%20de%20Mitigaci%C3%B3n%20Aprobados/Actualizados%20por%20los%20municipios/Isab-HMP-ExeSummary-201111.pdf
HMP-038,Plan de Mitigación de Riesgos – Jayuya,2020,Jayuya,Plan de Mitigación,https://docs.pr.gov/files/JP-Junta%20de%20Planificacion/Planes%20de%20Mitigaci%C3%B3n%20Aprobados/Actualizados%20por%20los%20municipios/Jayuya-Approved-HMP-200622.pdf
DOC-071,Plan de Recuperación Municipal de Juana Díaz,2022,Juana Díaz,Plan,https://cdn.recuperacion.pr.gov/w3cacheitdg/wp-content/uploads/2023/07/Juana-Diaz-Final-Plan-document-Signed.pdf
HMP-039,Plan de Mitigación de Riesgos – Juana Díaz,2024,Juana Díaz,Plan de Mitigación,https://docs.pr.gov/files/JP-Junta%20de%20Planificacion/Planes%20de%20Mitigaci%C3%B3n%20Aprobados/Actualizados%20por%20los%20municipios/HMP-JDIZ-Approved-240826.pdf
HMP-040,Plan de Mitigación de Riesgos – Juncos,2021,Juncos,Plan de Mitigación,https://docs.pr.gov/files/JP-Junta%20de%20Planificacion/Planes%20de%20Mitigaci%C3%B3n%20Aprobados/Actualizados%20por%20los%20municipios/Junc-HMP-Approved.pdf
DOC-008,Ley_ 277_1999:Ley de la Reserva Agrícola del Valle de Lajas,1999,Lajas,Leyes,https://bvirtualogp.pr.gov/ogp/Bvirtual/leyesreferencia/PDF/Agricultura/277-1999.pdf
DOC-073,Plan de Recuperación Municipal de Lajas,2022,Lajas,Plan,https://cdn.recuperacion.pr.gov/w3cacheitdg/wp-content/uploads/2023/08/Lajas-Final-Plan-document-Signed.pdf
HMP-041,Plan de Mitigación de Riesgos – Lajas,2021,Lajas,Plan de Mitigación,https://docs.pr.gov/files/JP-Junta%20de%20Planificacion/Planes%20de%20Mitigaci%C3%B3n%20Aprobados/Actualizados%20por%20los%20municipios/Lajas-Approved-HMP-201208.pdf
DOC-074,Plan de Recuperación Municipal de Lares,2022,Lares,Plan,https://cdn.recuperacion.pr.gov/w3cacheitdg/wp-content/uploads/2023/03/Lares-PL-Final-Plan-document-Signed-PR-MRP-00079-Applicant-10-21-2022.pdf
HMP-042,Plan de Mitigación de Riesgos – Lares,2020,Lares,Plan de Mitigación,https://docs.pr.gov/files/JP-Junta%20de%20Planificacion/Planes%20de%20Mitigaci%C3%B3n%20Aprobados/Actualizados%20por%20los%20municipios/Lares-ApprovedHMP-210730.pdf
HMP-043,Plan de Mitigación de Riesgos – Las Marías,2020,Las Marías,Plan de Mitigación,https://docs.pr.gov/files/JP-Junta%20de%20Planificacion/Planes%20de%20Mitigaci%C3%B3n%20Aprobados/Actualizados%20por%20los%20municipios/Las-Marias-Plan-Final-201022-Approved.pdf
DOC-076,Plan de Recuperación Municipal de Las Piedras,2022,Las Piedras,Plan,https://cdn.recuperacion.pr.gov/w3cacheitdg/wp-content/uploads/2023/03/Las-Piedras-PL-Final-Plan-document-Signed.pdf
HMP-044,Plan de Mitigación de Riesgos – Las Piedras,2024,Las Piedras,Plan de Mitigación,https://docs.pr.gov/files/JP-Junta%20de%20Planificacion/Planes%20de%20Mitigaci%C3%B3n%20Aprobados/Actualizados%20por%20los%20municipios/LHMP-LPIE-Approved-240820.pdf
HMP-045,Plan de Mitigación de Riesgos – Loíza,2021,Loíza,Plan de Mitigación,https://docs.pr.gov/files/JP-Junta%20de%20Planificacion/Planes%20de%20Mitigaci%C3%B3n%20Aprobados/Actualizados%20por%20los%20municipios/Loiz-Approved-HMP.pdf
WCRP-008,Plan de Resiliencia Comunitaria Villa Cañona,2025,Loíza,Plan,https://recuperacion.pr.gov/wcrp/assets/planes/2025-02-07_WCRP_CRP_Villa_Canona_vfinal.pdf
DOC-078,Plan de Recuperación Municipal de Luquillo,2022,Luquillo,Plan,https://cdn.recuperacion.pr.gov/w3cacheitdg/wp-content/uploads/2023/03/Luquillo-PL-Final-Plan-document-Signed-PR-MRP-00042-Applicant-LUQUILLO-11-22-2022.pdf
HMP-046,Plan de Mitigación de Riesgos – Luquillo,2020,Luquillo,Plan de Mitigación,https://docs.pr.gov/files/JP-Junta%20de%20Planificacion/Planes%20de%20Mitigaci%C3%B3n%20Aprobados/Actualizados%20por%20los%20municipios/LUQU-ApprovedHMP-210730.pdf
DOC-014,Plan Sectorial de Mar Chiquita,2016,Manatí,Plan sectorial,https://jp.pr.gov/wp-content/uploads/2021/09/Plan-Sectorial-de-Mar-Chiquita-Manati.pdf
DOC-079,Plan de Recuperación Municipal de Manatí,2022,Manatí,Plan,https://cdn.recuperacion.pr.gov/w3cacheitdg/wp-content/uploads/2024/07/2022-06-28_PLN_MRP_Plan-Manati.pdf
HMP-047,Plan de Mitigación de Riesgos – Manatí,2024,Manatí,Plan de Mitigación,https://jp.pr.gov/wp-content/uploads/2021/10/PLAN-DE-MITIGACION-MULTIRRIESGO-DE-MANATI-2DA-REVISION-FEMA.pdf
DOC-080,Plan de Recuperación Municipal de Maricao,2022,Maricao,Plan,https://cdn.recuperacion.pr.gov/w3cacheitdg/wp-content/uploads/2023/06/Maricao-Final-Plan-document-Signed.pdf
HMP-048,Plan de Mitigación de Riesgos – Maricao,2020,Maricao,Plan de Mitigación,https://docs.pr.gov/files/JP-Junta%20de%20Planificacion/Planes%20de%20Mitigaci%C3%B3n%20Aprobados/Actualizados%20por%20los%20municipios/Mari-Plan-FinalHMP-210218%20(1).pdf
DOC-081,Plan de Recuperación Municipal de Maunabo,2022,Maunabo,Plan,https://estudiostecnicos.com/wp-content/uploads/2023/03/MRP-Municipio-Maunabo-Final-Draft-3.8.2023rev.pdf
HMP-049,Plan de Mitigación de Riesgos – Maunabo,2021,Maunabo,Plan de Mitigación,https://docs.pr.gov/files/JP-Junta%20de%20Planificacion/Planes%20de%20Mitigaci%C3%B3n%20Aprobados/Actualizados%20por%20los%20municipios/Maun-Approved-HMP.pdf
WCRP-009,Plan de Resiliencia Comunitaria Punta Tuna,2025,Maunabo,Plan,https://recuperacion.pr.gov/wcrp/assets/planes/2025-04-30_PLN_WCRP_Plan_Resiliencia_Comunitaria_Punta_Tuna_vfinal.pdf
WCRP-010,Plan de Resiliencia Comunitaria Tumbao,2025,Maunabo,Plan,https://recuperacion.pr.gov/wcrp/assets/planes/2025-04-30_PLN_WCRP_Plan_Resiliencia_Comunitaria_Tumbao_vfinal.pdf
HMP-050,Plan de Mitigación de Riesgos – Mayagüez,2020,Mayagüez,Plan de Mitigación,https://docs.pr.gov/files/JP-Junta%20de%20Planificacion/Planes%20de%20Mitigaci%C3%B3n%20Aprobados/Actualizados%20por%20los%20municipios/MAYA-Approved-HMP-210119.pdf
DOC-083,Plan de Recuperación Municipal de Moca,2022,Moca,Plan,https://cdn.recuperacion.pr.gov/w3cacheitdg/wp-content/uploads/2023/05/Plan-final-moca.pdf
HMP-051,Plan de Mitigación de Riesgos – Moca,2021,Moca,Plan de Mitigación,https://docs.pr.gov/files/JP-Junta%20de%20Planificacion/Planes%20de%20Mitigaci%C3%B3n%20Aprobados/Resumen%20Ejecutivo/MOCA-Approved-HMP-1.pdf
DOC-084,Plan de Recuperación Municipal de Morovis,2022,Morovis,Plan,https://cdn.recuperacion.pr.gov/w3cacheitdg/wp-content/uploads/2024/01/Morovis-Final-Plan-document-Signed.pdf
HMP-052,Plan de Mitigación de Riesgos – Morovis,2020,Morovis,Plan de Mitigación,https://docs.pr.gov/files/JP-Junta%20de%20Planificacion/Planes%20de%20Mitigaci%C3%B3n%20Aprobados/Actualizados%20por%20los%20municipios/Moro-ApprovedHMP.pdf
DOC-002,"""Ley_314_1998: Ley de la Reserva Natural del Caño o Ciénaga Tiburones y para Declarar la Política Pública sobre los Humedales en Puerto Rico""",1998,N/A,Leyes,https://bvirtualogp.pr.gov/ogp/Bvirtual/leyesreferencia/PDF/PatriNatural/314-1998.pdf
DOC-003,"""Ley_33_2019: Ley de Mitigación",2019,Todo PR,Asamblea Legislativa de Puerto Rico,https://bvirtualogp.pr.gov/ogp/Bvirtual/leyesreferencia/PDF/33-2019.pdf
DOC-004,Ley_112_1988: Ley del Consejo para la Protección del Patrimonio Arqueológico Terrestre de Puerto Rico,1988,N/A,Leyes,https://bvirtualogp.pr.gov/ogp/BVirtual/LeyesOrganicas/pdf/112-1988.pdf
DOC-005,Ley_211_1946: Ley de Distritos de Conservación de Suelos,1946,N/A,Leyes,https://bvirtualogp.pr.gov/ogp/Bvirtual/LeyesOrganicas/pdf/211-1946.pdf
DOC-006,Ley_133_1975: Ley de Bosques de Puerto Rico,1975,N/A,Leyes,https://bvirtualogp.pr.gov/ogp/Bvirtual/leyesreferencia/PDF/Recursos%20Naturales/133-1975/133-1975.pdf
DOC-007,"""Ley_ 136 _1976: Ley para la Conservación",1976,Todo PR,Asamblea Legislativa de Puerto Rico,https://bvirtualogp.pr.gov/ogp/Bvirtual/leyesreferencia/PDF/Recursos%20Naturales/136-1976/136-1976.pdf
DOC-009,Ley_278_ 1998: Ley de Pesquerías de Puerto Rico,1998,N/A,Leyes,https://bvirtualogp.pr.gov/ogp/Bvirtual/leyesreferencia/PDF/Recursos%20Naturales/278-1998/278-1998.pdf
DOC-010,Ley_292_ 1999: Ley para la Protección y Conservación de la Fisiografía Cársica de Puerto Rico”,1999,N/A,Leyes,https://bvirtualogp.pr.gov/ogp/Bvirtual/leyesreferencia/PDF/292-1999.pdf
DOC-018,Plan y Reglamento del Área de Planificación Especial del Carso (PRAPEC),2014,N/A,Plan,https://jp.pr.gov/wp-content/uploads/2021/09/PLAN-DE-MANEJO-DEL-CARSO.pdf
DOC-025,"""Ley_29_2009: Ley de Alianzas Público Privadas""",2009,N/A,Leyes,https://bvirtualogp.pr.gov/ogp/Bvirtual/leyesreferencia/PDF/APP/29-2009.pdf
DOC-026,Ley_120_2018: Ley para Transformar el Sistema Eléctrico de Puerto Rico,2018,N/A,Leyes,https://bvirtualogp.pr.gov/ogp/Bvirtual/leyesreferencia/PDF/Energ%C3%ADa/120-2018.pdf
DOC-027,Ley_66_1991: Ley del Fondo de Mantenimiento Extraordinario,1991,N/A,Leyes,https://bvirtualogp.pr.gov/ogp/Bvirtual/leyesreferencia/PDF/Infraestructura/66-1991.pdf
DOC-028,Ley_47_1965: Ley para Autorizar a Entidades Gubernamentales a Construir Bases sobre el Espacio Aéreo de Vías y Terrenos Públicos,1965,N/A,Leyes,https://bvirtualogp.pr.gov/ogp/Bvirtual/leyesreferencia/PDF/Terrenos/47-1965.pdf
DOC-029,Ley_550_2004: Ley para el Plan de Uso de Terrenos del Estado Libre Asociado de Puerto Rico,2004,N/A,Leyes,https://bvirtualogp.pr.gov/ogp/Bvirtual/leyesreferencia/PDF/Terrenos/550-2004.pdf
DOC-030,Ley_83_1941: Ley de la Autoridad de Energía Eléctrica de Puerto Rico,1941,N/A,Leyes,https://bvirtualogp.pr.gov/ogp/Bvirtual/leyesreferencia/PDF/Energ%C3%ADa/83-1941/83-1941.pdf
DOC-031,"""Ley_121_1977: Ley de la Autoridad de Puerto Rico para el Financiamiento de Facilidades Industriales",1977,Leyes,"Médicas y de Control Ambiental”""",https://bvirtualogp.pr.gov/ogp/Bvirtual/leyesreferencia/PDF/121-1977.pdf
DOC-032,Ley_276_2012: Ley para el Desarrollo Inteligente de la Infraestructura en Puerto Rico”,2012,N/A,Leyes,https://bvirtualogp.pr.gov/ogp/Bvirtual/leyesreferencia/PDF/Infraestructura/276-2012.pdf
DOC-111,Ley_97_1972: Ley Orgánica del Departamento de la Vivienda,1972,N/A,Leyes,https://bvirtualogp.pr.gov/ogp/Bvirtual/LeyesOrganicas/pdf/97-1972.pdf
DOC-112,Ley_66_1998: Ley Orgánica de la Administración de Vivienda Pública de Puerto Rico,1998,N/A,Leyes,https://bvirtualogp.pr.gov/ogp/Bvirtual/LeyesOrganicas/pdf/66-1989.pdf
DOC-113,Ley_47_1987: Ley de Coparticipación del Sector Público y Privado para la Nueva Operación de Vivienda,1987,N/A,Leyes,https://bvirtualogp.pr.gov/ogp/Bvirtual/leyesreferencia/PDF/Vivienda/47-1987/47-1987.pdf
DOC-114,Ley_129_2020: Ley de Condominios de Puerto Rico,2020,N/A,Leyes,https://bvirtualogp.pr.gov/ogp/Bvirtual/leyesreferencia/PDF/129-2020.pdf
DOC-115,Ley_76_1994: Ley para Regular los Contratos de Arrendamiento de Bienes Muebles,1994,N/A,Leyes,https://bvirtualogp.pr.gov/ogp/Bvirtual/leyesreferencia/PDF/Contratos/76-1994/76-1994.pdf
DOC-116,Plan Estatal Consolidado de Acción para Programas de Vivienda y Desarrollo Comunitario,2026,N/A,Plan,https://docs.pr.gov/files/Vivienda/vivienda.pr.gov/CDBG/CDBG-Estado/Planes-de-Accion-Anual-y-Consolidados/Draft_2026_Action_Plan_PRDOH.pdf
DOC-117,Plan Estatal Consolidado de Acción para Programas de Vivienda y Desarrollo Comunitario.,2024,N/A,Plan,https://docs.pr.gov/files/Vivienda/vivienda.pr.gov/CDBG/CDBG-Estado/Planes-de-Accion-Anual-y-Consolidados/Plan_de_Accion_2024.pdf
DOC-118,Plan Estatal de Vivienda 2024-2030,2024,N/A,Plan,https://docs.pr.gov/files/Vivienda/vivienda.pr.gov/Planificacion_Estrategica/State_Housing_Plan/Plan_Estatal_de_Vivienda_2024-2030_Final_julio_2025.pdf
DOC-122,Plan Estatal de Mitigación,2021,N/A,Plan,https://docs.pr.gov/files/JP-Junta%20de%20Planificacion/Documentacion/Documentos%20Mitigacion/2021_PR_State_Hazard_Mitigation_Plan_Aug2021_1of2-1.pdf
DOC-124,Reglamento Conjunto para la Evaluación y Expedición de Permisos,2021,N/A,Reglamento,https://gis.jp.pr.gov/Externo_Econ/Datos%20JP/Reglamento%20Conjunto%202020%20-Vigencia%202%20Enero%202021.pdf
DOC-125,Plan de Uso de Terrenos de Puerto Rico (PUT-PR),2015,N/A,Plan territorial,https://gis.jp.pr.gov/PUT2015/Gu%C3%ADa%20Plan%20de%20Uso%20de%20Terrenos%202016.pdf
DOC-129,Ley Núm. 241-1999 – Nueva Ley de Vida Silvestre de Puerto Rico,1999,N/A,Leyes,https://bvirtualogp.pr.gov/ogp/Bvirtual/leyesreferencia/PDF/Recursos%20Naturales/241-1999/241-1999.pdf
DOC-130,Plan de Acción Climática Prioritaria de Puerto Rico (PCAP),2024,N/A,Plan,https://www.epa.gov/system/files/documents/2024-03/puerto-rico-pcap.pdf
DOC-134,Código de Prevención de Incendios de Puerto Rico (Puerto Rico Fire Code),2018,N/A,Código de seguridad,https://bvirtualogp.pr.gov/ogp/Bvirtual/leyesreferencia/PDF/2-2017/2-2017-Tomo2.pdf
DOC-190,HOME/ HTF Basic Threshold / Point Ranking Evaluations & Underwriting and Subsidy Layering Guidelines,2025,N/A,Otro,https://www.afv.pr.gov/wp-content/uploads/2026/01/home-htf-underwriting-guidelines-nofa-2025-30-octubre-2025.pdf
DOC-191,Plan de Acción para fondos de HUD,2025,N/A,Plan,https://www.afv.pr.gov/wp-content/uploads/2025/12/action-plan-2025-revised-by-hud.pdf
RV-001,"""PARA ESTABLECER LAS NORMAS Y DISPOSICIONES DE LA LEY 173 DE 31 DE AGOSTO DE 1996",2019,Todo PR,DEPARTAMENTO DE LA VIVIENDA,https://docs.pr.gov/files/Vivienda/vivienda.pr.gov/Reglamentos/Subsidio%20de%20Viviendas/Reglamento_173_Marzo_2019.pdf
RV-002,"""EL PROGRAMA DE ALQUILER DE VIVIENDA PARA PERSONAS DE MAYOR EDAD CON INGRESOS BAJOS",1998,Todo PR,Departamento de Vivienda y Departamento de Hacienda,https://docs.pr.gov/files/Vivienda/vivienda.pr.gov/Reglamentos/Subsidio%20de%20Viviendas/Programa_De_Alquiler_De_Vivienda_Para_Personas_De_Mayor_Edad_Con_Ingresos_Bajos_Enmendado_Regl_6546.pdf
RV-003,"""Reglamentos Dpt. Vivienda: PARA LA CONCESION DE TITULOS DE PROPIEDAD А LOS BENEFICIARIOS DEL TITULO V DE LA LEY NUMERO 26 DEL 12 DE ABRIL DE 1941",1989,Todo PR,Departamento de Vivienda,http://docs.pr.gov/files/Vivienda/vivienda.pr.gov/Reglamentos/Gerencia%20y%20Desarrollo%20de%20Proyectos/Establece_Los_Procedimientos_Para_La_Concesion_De_Titulos_De_Propiedad_A_Los_Beneficiarios_Del_Titulo_V_De_La_Ley_De_Tierra.pdf
RV-004,"""PARA LA ADMINISTRACION DEL PROCEDIMIENTO DE SORTEOS DE SOLARES EN URBANIZACIONES CON REQUISITOS MINIMOS Y COMUNIDADES RURALES SEGUN DISPUESTO EN LA LEY NUMERO UNO (1) DEL 11 DE JULIO DE 1972",1989,Todo PR,Departamento de Vivienda,https://docs.pr.gov/files/Vivienda/vivienda.pr.gov/Reglamentos/Gerencia%20y%20Desarrollo%20de%20Proyectos/Establece_Los_Procedimientos_De_Sorteos_De_Solares_En_Urbanizaciones_Con_Requisitos_Minimos_Y_Comunidades_Rurales.pdf
RV-006,"""PARA EL DESARROLLO Y VENTA DE SOLARES""",1999,N/A,Reglamento,https://docs.pr.gov/files/Vivienda/vivienda.pr.gov/Reglamentos/Gerencia%20y%20Desarrollo%20de%20Proyectos/6022_Reglamento_Para_el_Desarrollo_y_Venta_de_Solares.pdf
RV-008,"""Para el Centro de Cuidado Diurno del Departamento de la Vivienda",2000,Todo PR,Departamento de Vivienda,https://docs.pr.gov/files/Vivienda/vivienda.pr.gov/Reglamentos/Recursos%20Humanos/Reglamento_Centro_de_Cuidado_Diurno_1.pdf
RV-009,"""REGLAMENTO DE SUBASTAS DEL DEPARTAMENTO DE LA VIVIENDA Y SUS AGENCIAS ADSCRITAS""",2000,N/A,Reglamento,https://docs.pr.gov/files/Vivienda/vivienda.pr.gov/Reglamentos/Finanzas%20y%20Administraci%C3%B3n/7459_Enmienda_al_Reglamento_para_la_Adquisicion_y_Disposicion_de_Propiedades_Inmuebles_Vigencia_inmediata.pdf
RV-010,"""REGLAMENTO DE COMPRAS DE BIENES Y SERVICIOS NO PERSONALES DEL DEPARTAMENTO DE LA VIVIENDA Y SUS COMPONENTES DEROGA LOS SIGUIENTES REGLAMENTOS:""",2010,N/A,Reglamento,https://docs.pr.gov/files/Vivienda/vivienda.pr.gov/Reglamentos/Finanzas%20y%20Administraci%C3%B3n/7854_Reglamento_de_Compras_de_Bienes_y_Servicios_no_personales.pdf
DOC-085,Plan de Recuperación Municipal de Naguabo,2022,Naguabo,Plan,https://recuperacion.pr.gov/wp-content/uploads/2023/08/PLN_MRP_borrador-final-de-naguabo.pdf
HMP-053,Plan de Mitigación de Riesgos – Naguabo,2021,Naguabo,Plan de Mitigación,https://docs.pr.gov/files/JP-Junta%20de%20Planificacion/Planes%20de%20Mitigaci%C3%B3n%20Aprobados/Actualizados%20por%20los%20municipios/Nagu-Approved-HMP.pdf
WCRP-011,Plan de Resiliencia Comunitaria Río Blanco,2025,Naguabo,Plan,https://recuperacion.pr.gov/wcrp/assets/planes/2025-05-13_PLN_WCRP_Plan_Resiliencia_Comunitaria_Rio_Blanco_vfinal.pdf
WCRP-012,Plan de Resiliencia Comunitaria Tropical Beach,2025,Naguabo,Plan,https://recuperacion.pr.gov/wcrp/assets/planes/2025-06-26_PLN_WCRP_Plan_Resiliencia_Comunitaria_Tropical_Beach_v.final.pdf
HMP-054,Plan de Mitigación de Riesgos – Naranjito,2020,Naranjito,Plan de Mitigación,https://docs.pr.gov/files/JP-Junta%20de%20Planificacion/Planes%20de%20Mitigaci%C3%B3n%20Aprobados/Actualizados%20por%20los%20municipios/Naranjito-Approved-HMP.pdf
DOC-087,Plan de Recuperación Municipal de Orocovis,2022,Orocovis,Plan,https://cdn.recuperacion.pr.gov/w3cacheitdg/wp-content/uploads/2023/03/Orocovis-PL-Final-Plan-document-Signed-PR-MRP-00035-Applicant-10-21-2022.pdf
HMP-055,Plan de Mitigación de Riesgos – Orocovis,2020,Orocovis,Plan de Mitigación,https://docs.pr.gov/files/JP-Junta%20de%20Planificacion/Planes%20de%20Mitigaci%C3%B3n%20Aprobados/Actualizados%20por%20los%20municipios/OROC-Approved-HMP.pdf
DOC-088,Plan de Recuperación Municipal de Patillas,2022,Patillas,Plan,https://recuperacion.pr.gov/wp-content/uploads/2023/03/MRP-Patillas-borrador-final.pdf
HMP-056,Plan de Mitigación de Riesgos – Patillas,2020,Patillas,Plan de Mitigación,https://docs.pr.gov/files/JP-Junta%20de%20Planificacion/Planes%20de%20Mitigaci%C3%B3n%20Aprobados/Actualizados%20por%20los%20municipios/PATI-Approved-HMP.pdf
DOC-089,Plan de Recuperación Municipal de Peñuelas,2022,Peñuelas,Plan,https://cdn.recuperacion.pr.gov/w3cacheitdg/wp-content/uploads/2023/08/Penuelas-Final-Plan-document-Signed.pdf
HMP-057,Plan de Mitigación de Riesgos – Peñuelas,2020,Peñuelas,Plan de Mitigación,https://docs.pr.gov/files/JP-Junta%20de%20Planificacion/Planes%20de%20Mitigaci%C3%B3n%20Aprobados/Actualizados%20por%20los%20municipios/Penu-Approved-HMP.pdf
DOC-023,Orden Ejectiva para aprobar la delimitación y la designación de la Reserva Natural Punta Cabuyones,2016,Ponce,Orden ejecutiva,https://docs.pr.gov/files/JP-Junta%20de%20Planificacion/Planes/Reserva%20Natural%20Punta%20Cabullones%20en%20el%20Municipio%20de%20Ponce/OE-2016-078.pdf
DOC-090,Plan de Recuperación Municipal de Ponce,2022,Ponce,Plan,https://poncerestart.com/wp-content/uploads/2023/11/PonceREstartDocument.pdf
HMP-058,Plan de Mitigación de Riesgos – Ponce,2020,Ponce,Plan de Mitigación,https://docs.pr.gov/files/JP-Junta%20de%20Planificacion/Planes%20de%20Mitigaci%C3%B3n%20Aprobados/Actualizados%20por%20los%20municipios/Ponc-Plan-Approved-210729.pdf
WCRP-013,Plan de Resiliencia Comunitaria Barrio Bélgica,2025,Ponce,Plan,https://recuperacion.pr.gov/wcrp/assets/planes/2025-12-11-PLN_WCRP_CRP_Final%20Plan_Belgica_v1.pdf
WCRP-014,Plan de Resiliencia Comunitaria Centro Urbano de Ponce,2025,Ponce,Plan,https://recuperacion.pr.gov/wcrp/assets/planes/2025-12-11-PLN_WCRP_CRP_Final%20Plan_Ponce_v1.pdf
WCRP-015,Plan de Resiliencia Comunitaria Comunidad El Tuque,2025,Ponce,Plan,https://recuperacion.pr.gov/wcrp/assets/planes/2025-03-13_PLN_WCRP_CRP_El_Tuque_vfinal.pdf
WCRP-016,Plan de Resiliencia Comunitaria Comunidad Montes Llanos,2025,Ponce,Plan,https://recuperacion.pr.gov/wcrp/assets/planes/2025-02-12_WCRP_CRP_Montes_Llanos_vfinal.pdf
WCRP-017,Plan de Resiliencia Comunitaria Comunidad Tiburones,2025,Ponce,Plan,https://recuperacion.pr.gov/wcrp/assets/planes/2025-01-17_WCRP_CRP_Tiburones_vfinal.pdf
HMP-059,Plan de Mitigación de Riesgos – Quebradillas,2020,Quebradillas,Plan de Mitigación,https://docs.pr.gov/files/JP-Junta%20de%20Planificacion/Planes%20de%20Mitigaci%C3%B3n%20Aprobados/Actualizados%20por%20los%20municipios/Queb-Approved-HMP.pdf
DOC-092,Plan de Recuperación Municipal de Rincón,2022,Rincón,Plan,https://estudiostecnicos.com/wp-content/uploads/2023/01/MRP-Rincon-Final-Draft-1.26.2023.pdf
HMP-060,Plan de Mitigación de Riesgos – Rincón,2020,Rincón,Plan de Mitigación,https://docs.pr.gov/files/JP-Junta%20de%20Planificacion/Planes%20de%20Mitigaci%C3%B3n%20Aprobados/Actualizados%20por%20los%20municipios/Rincon-Approved-HMP-200828_with-Certif.pdf
DOC-024,Plan y Reglamento Especial para el sector Punta Picúa,2011,Río Grande,Plan sectorial,https://jp.pr.gov/wp-content/uploads/2022/01/Plan-y-Reglamento-Especial-para-el-Sector-Punta-Picua-Num-8109.pdf
DOC-093,Plan de Recuperación Municipal de Río Grande,2022,Río Grande,Plan,https://cdn.recuperacion.pr.gov/w3cacheitdg/wp-content/uploads/2024/05/2024.02.25-PLN_MRP_Plan-Rio-Grande.pdf
HMP-061,Plan de Mitigación de Riesgos – Río Grande,2020,Río Grande,Plan de Mitigación,https://docs.pr.gov/files/JP-Junta%20de%20Planificacion/Planes%20de%20Mitigaci%C3%B3n%20Aprobados/Actualizados%20por%20los%20municipios/RGRA-ApprovedHMP-210730.pdf
DOC-094,Plan de Recuperación Municipal de Sabana Grande,2022,Sabana Grande,Plan,https://cdn.recuperacion.pr.gov/w3cacheitdg/wp-content/uploads/2023/03/Sabana-Grande-PL-Final-Plan-document-Signed-PR-MRP-00080-Applicant-SABANA-GRANDE-1-17-2023.pdf
HMP-062,Plan de Mitigación de Riesgos – Sabana Grande,2022,Sabana Grande,Plan de Mitigación,https://docs.pr.gov/files/JP-Junta%20de%20Planificacion/Planes%20de%20Mitigacion%20Actualizados/PLAN-DE-MITIGACION-MULTIRIESGOS-2022-ACTUALIZADO-05-23-1.pdf
HMP-063,Plan de Mitigación de Riesgos – Salinas,2019,Salinas,Plan de Mitigación,https://docs.pr.gov/files/JP-Junta%20de%20Planificacion/Planes%20de%20Mitigaci%C3%B3n%20Aprobados/Actualizados%20por%20los%20municipios/SALI-Approved-HMP-200805.pdf
DOC-096,Plan de Recuperación Municipal de San Germán,2022,San Germán,Plan,https://cdn.recuperacion.pr.gov/w3cacheitdg/wp-content/uploads/2023/03/San-German-Plan-PL-Final-Plan-document-Signed-PR-MRP-00029-Applicant-SAN-GERMAN-11-30-2022.pdf
HMP-064,Plan de Mitigación de Riesgos – San Germán,2020,San Germán,Plan de Mitigación,https://docs.pr.gov/files/JP-Junta%20de%20Planificacion/Planes%20de%20Mitigaci%C3%B3n%20Aprobados/Actualizados%20por%20los%20municipios/Sger-Plan-ApprovedHMP-201204.pdf
WCRP-018,Plan de Resiliencia Comunitaria Centro Urbano de San Germán,2025,San Germán,Plan,https://recuperacion.pr.gov/wcrp/assets/planes/2025-12-11-PLN_WCRP_CRP_Final%20Plan_SanGerman_v1.pdf
DOC-001,"""Ley_112_2013: Ley de la Reserva Natural Estuarina de la Laguna del Condado """,2013,San Juan,Otro,https://bvirtualogp.pr.gov/ogp/Bvirtual/leyesreferencia/PDF/2/0112-2013.pdf
DOC-019,Plan sectorial para la zona histórica de Miramar,2016,San Juan,Plan sectorial,https://docs.pr.gov/files/JP-Junta%20de%20Planificacion/Planes/Plan%20Sectorial%20para%20la%20Zona%20Hist%C3%B3rica%20de%20Miramar/Plan-Sectorial-para-la-Zona-Historica-de-Miramar.pdf
DOC-097,Plan de Recuperación Municipal de San Juan,2022,San Juan,Plan,https://sanjuan.pr/wp-content/uploads/2024/03/Plan-Final_San-Juan3.12.24-Modificaciones.pdf
DOC-131,Plan de Respuesta a Emergencias – Centro de Convenciones de Puerto Rico,2025,San Juan,Plan,https://www.prconvention.com/pdf/Emergency-Response-Plan-PRCC-REV-2025.pdf
HMP-065,Plan de Mitigación de Riesgos – San Juan,2021,San Juan,Plan de Mitigación,https://sanjuan.pr/wp-content/uploads/2026/02/Plan-Mitigacion_MSJ_HMP_Borrador.pdf
WCRP-019,Plan de Resiliencia Comunitaria Comunidad Jardines de Berwind,2025,San Juan,Plan,https://recuperacion.pr.gov/wcrp/assets/planes/2025_08_22_PLN_WCRP_Report_Final_CRP_Jardines_de_Berwind_ES_v1.pdf
WCRP-020,Plan de Resiliencia Comunitaria Comunidad Playita,2025,San Juan,Plan,https://recuperacion.pr.gov/wcrp/assets/planes/2025-02-24_PLN_WCRP_CRP_Playita_vfinal.pdf
WCRP-021,Plan de Resiliencia Comunitaria Seboruco,2025,San Juan,Plan,https://recuperacion.pr.gov/wcrp/assets/planes/2025-05-02_PLN_WCRP_CRP_Seboruco_vfinal.pdf
DOC-098,Plan de Recuperación Municipal de San Lorenzo,2022,San Lorenzo,Plan,https://cdn.recuperacion.pr.gov/w3cacheitdg/wp-content/uploads/2023/03/San-Lorenzo-PL-Deliverable-4-Plan-Development.pdf
HMP-066,Plan de Mitigación de Riesgos – San Lorenzo,2021,San Lorenzo,Plan de Mitigación,https://docs.pr.gov/files/JP-Junta%20de%20Planificacion/Planes%20de%20Mitigacion%20Actualizados/San-Lorenzo-Plan-de-Mitigacion-abril-2021.pdf
DOC-099,Plan de Recuperación Municipal de San Sebastián,2022,San Sebastián,Plan,https://cdn.recuperacion.pr.gov/w3cacheitdg/wp-content/uploads/2023/10/San-sebastian-Final-Plan-document-Signed.pdf
HMP-067,Plan de Mitigación de Riesgos – San Sebastián,2024,San Sebastián,Plan de Mitigación,https://docs.pr.gov/files/JP-Junta%20de%20Planificacion/Planes%20de%20Mitigaci%C3%B3n%20Aprobados/Actualizados%20por%20los%20municipios/SSeb-FinalHMP-Approved-20240801-1.pdf
DOC-100,Plan de Recuperación Municipal de Santa Isabel,2022,Santa Isabel,Plan,https://cdn.recuperacion.pr.gov/w3cacheitdg/wp-content/uploads/2023/08/Santa-Isabel-Final-Plan-document-Signed.pdf
HMP-068,Plan de Mitigación de Riesgos – Santa Isabel,2019,Santa Isabel,Plan de Mitigación,https://docs.pr.gov/files/JP-Junta%20de%20Planificacion/Planes%20de%20Mitigaci%C3%B3n%20Aprobados/Actualizados%20por%20los%20municipios/Santa-Isabel-SISA-Approved-HMP-200826_with-certif.pdf
WCRP-022,Plan de Resiliencia Comunitaria Comunidad Canta Sapo,2025,Santa Isabel,Plan,https://recuperacion.pr.gov/wcrp/assets/planes/2025_07_31_PLN_WCRP_CRP_Canta_Sapo_vfinal.pdf
WCRP-023,Plan de Resiliencia Comunitaria Comunidad Peñuelas,2025,Santa Isabel,Plan,https://recuperacion.pr.gov/wcrp/assets/planes/2025_07_21_PLN_WCRP_CRP_Penuelas_vfinal.pdf
HMP-069,Plan de Mitigación de Riesgos – Toa Alta,2020,Toa Alta,Plan de Mitigación,https://docs.pr.gov/files/JP-Junta%20de%20Planificacion/Planes%20de%20Mitigaci%C3%B3n%20Aprobados/Actualizados%20por%20los%20municipios/Toa-Alta-Plan-Approved-HMP.pdf
DOC-102,Plan de Recuperación Municipal de Toa Baja,2022,Toa Baja,Plan,https://cdn.recuperacion.pr.gov/w3cacheitdg/wp-content/uploads/2024/05/2024.05.10-Plan-final-Municipio-de-Toa-Baja.pdf
HMP-070,Plan de Mitigación de Riesgos – Toa Baja,2024,Toa Baja,Plan de Mitigación,https://docs.pr.gov/files/JP-Junta%20de%20Planificacion/Planes%20de%20Mitigaci%C3%B3n%20Aprobados/Actualizados%20por%20los%20municipios/TBAJ-FinalHMP_Approved.pdf
WCRP-024,Plan de Resiliencia Comunitaria Comunidad Ingenio,2025,Toa Baja,Plan,https://recuperacion.pr.gov/wcrp/assets/planes/2025_09_16_PLN_WCRP_Report_Final_CRP_Ingenio_ES_v2.pdf
WCRP-025,Plan de Resiliencia Comunitaria Comunidad San José,2025,Toa Baja,Plan,https://recuperacion.pr.gov/wcrp/assets/planes/2025_03_31_PLN_WCRP_CRP_San_Jose_vfinal.pdf
WCRP-026,Plan de Resiliencia Comunitaria Comunidad Villa Calma 1,2025,Toa Baja,Plan,https://recuperacion.pr.gov/wcrp/assets/planes/2025_09_22_PLN_WCRP_Report_Final_CRP_Villa_Calma_I_ES_v1.pdf
WCRP-027,Plan de Resiliencia Comunitaria Comunidad Villa Calma 2,2025,Toa Baja,Plan,https://recuperacion.pr.gov/wcrp/assets/planes/2025_09_29_PLN_WCRP_Report_Final_CRP_Villa_Calma_II_ES_v1.pdf
WCRP-028,Plan de Resiliencia Comunitaria Comunidad Villas del Sol,2025,Toa Baja,Plan,https://recuperacion.pr.gov/wcrp/assets/planes/2025_08_29_PLN_WCRP_Report_Final_CRP_Villas_del_Sol_ES_v1.pdf
WCRP-029,Plan de Resiliencia Comunitaria Cuarta Sección de Levittown,2025,Toa Baja,Plan,https://recuperacion.pr.gov/wcrp/assets/planes/2025-08-18_PLN_WCRP_Plan_Final_4ta_Seccion_ES.pdf
WCRP-030,Plan de Resiliencia Comunitaria Lagos de Plata,2025,Toa Baja,Plan,https://recuperacion.pr.gov/wcrp/assets/planes/2025-08-18_PLN_WCRP_Plan_Final_Lagos_de_Plata_ES.pdf
HMP-071,Plan de Mitigación de Riesgos – Trujillo Alto,2021,Trujillo Alto,Plan de Mitigación,https://docs.pr.gov/files/JP-Junta%20de%20Planificacion/Planes%20de%20Mitigaci%C3%B3n%20Aprobados/Actualizados%20por%20los%20municipios/Truj-Plan-ApprovedHMP.pdf
HMP-072,Plan de Mitigación de Riesgos – Utuado,2020,Utuado,Plan de Mitigación,https://docs.pr.gov/files/JP-Junta%20de%20Planificacion/Planes%20de%20Mitigaci%C3%B3n%20Aprobados/Actualizados%20por%20los%20municipios/Utua-Approved-HMP_2022.pdf
WCRP-031,Plan de Resiliencia Comunitaria Comunidad Limón,2025,Utuado,Plan,https://recuperacion.pr.gov/wcrp/assets/planes/2025-03-27_PLN_WCRP_CRP_Limon_Rev_vfinal.pdf
WCRP-032,Plan de Resiliencia Comunitaria Comunidad Paso Palma,2025,Utuado,Plan,https://recuperacion.pr.gov/wcrp/assets/planes/2025-03-28_PLN_WCRP_CRP_Paso_Palma_vfinal.pdf
DOC-105,Plan de Recuperación Municipal de Vega Alta,2022,Vega Alta,Plan,https://cdn.recuperacion.pr.gov/w3cacheitdg/wp-content/uploads/2024/10/2024-10-7_PLN_MRP_Plan-Vega-Alta.pdf
HMP-073,Plan de Mitigación de Riesgos – Vega Alta,2020,Vega Alta,Plan de Mitigación,https://docs.pr.gov/files/JP-Junta%20de%20Planificacion/Planes%20de%20Mitigaci%C3%B3n%20Aprobados/Actualizados%20por%20los%20municipios/Valt-Approved-HMP-200622.pdf
WCRP-033,Plan de Resiliencia Comunitaria Comunidad Ceiba Carmelita,2025,Vega Alta,Plan,https://recuperacion.pr.gov/wcrp/assets/planes/2025-02-18_PLN_WCRP_CRP_Ceiba_Carmelita_vfinal.pdf
DOC-106,Plan de Recuperación Municipal de Vega Baja,2022,Vega Baja,Plan,https://cdn.recuperacion.pr.gov/w3cacheitdg/wp-content/uploads/2024/10/2024-04-16_PLN_MRP_Plan-Vega-Baja.pdf
HMP-074,Plan de Mitigación de Riesgos – Vega Baja,2020,Vega Baja,Plan de Mitigación,https://docs.pr.gov/files/JP-Junta%20de%20Planificacion/Planes%20de%20Mitigaci%C3%B3n%20Aprobados/Actualizados%20por%20los%20municipios/VBaj-HMP-ExeSummary-210309.pdf
DOC-107,Plan de Recuperación Municipal de Vieques,2022,Vieques,Plan,https://cdn.recuperacion.pr.gov/w3cacheitdg/wp-content/uploads/2023/09/Vieques-Final-Plan-document-Signed.pdf
HMP-075,Plan de Mitigación de Riesgos – Vieques,2020,Vieques,Plan de Mitigación,https://docs.pr.gov/files/JP-Junta%20de%20Planificacion/Planes%20de%20Mitigaci%C3%B3n%20Aprobados/Actualizados%20por%20los%20municipios/VIEQ-Approved-HMP.pdf
WCRP-034,Plan de Resiliencia Comunitaria Comunidad Villa Borinquen,2025,Vieques,Plan,https://recuperacion.pr.gov/wcrp/assets/planes/2025-03-18_PLN_WCRP_CRP_Villa_Borinquen_vfinal.pdf
DOC-108,Plan de Recuperación Municipal de Villalba,2022,Villalba,Plan,https://estudiostecnicos.com/wp-content/uploads/2022/06/20018-CDBG-DR-MRP_Villalba_FINAL.pdf
HMP-076,Plan de Mitigación de Riesgos – Villalba,2021,Villalba,Plan de Mitigación,https://docs.pr.gov/files/JP-Junta%20de%20Planificacion/Planes%20de%20Mitigacion%20Actualizados/Plan-Mitigacion-Villalba-Aprobado-17-dic-2021.pdf
DOC-011,Plan Sectorial de la Reserva Natural de Puerto Rico Humedal de la Playa Lucía,2016,Yabucoa,Plan sectorial,https://jp.pr.gov/wp-content/uploads/2021/08/PLANSE_1.pdf
DOC-109,Plan de Recuperación Municipal de Yabucoa,2022,Yabucoa,Plan,https://cdn.recuperacion.pr.gov/w3cacheitdg/wp-content/uploads/2023/03/YABUCOA-Plan-FINAL-9.16.2022.pdf
HMP-077,Plan de Mitigación de Riesgos – Yabucoa,2020,Yabucoa,Plan de Mitigación,https://docs.pr.gov/files/JP-Junta%20de%20Planificacion/Planes%20de%20Mitigaci%C3%B3n%20Aprobados/Resumen%20Ejecutivo/Yabu-Approved-HMP-1.pdf
WCRP-035,"""Plan de Resiliencia Comunitaria La Central Roig",2025,Región 7,Programa WCRP / Vivienda,https://recuperacion.pr.gov/wcrp/assets/planes/2025-06-18_PLN_WCRP_Plan_Resiliencia_Comunitaria_Juan_Martin_vfinal.pdf
HMP-078,Plan de Mitigación de Riesgos – Yauco,2020,Yauco,Plan de Mitigación,https://docs.pr.gov/files/JP-Junta%20de%20Planificacion/Planes%20de%20Mitigaci%C3%B3n%20Aprobados/Actualizados%20por%20los%20municipios/YAUC-Approved-HMP.pdf
WCRP-036,Plan de Resiliencia Comunitaria Centro Urbano de Yauco,2025,Yauco,Plan,https://recuperacion.pr.gov/wcrp/assets/planes/2026-01-15-PLN_WCRP_CRP_FinalPlan_Yauco_v2.pdf
